Week Day,Hijri Day,Hijri Month,Hijri Year,Gregorian Day,Gregorian Month,Gregorian Year,Solar Hijri Day,Solar Hijri Month,Solar Hijri Year
Thursday,26,1,1438,27,10,2016,5,8,1395
Saturday,26,2,1438,26,11,2016,5,9,1395
Monday,27,3,1438,26,12,2016,5,10,1395
Wednesday,27,4,1438,25,1,2017,5,11,1395
Friday,27,5,1438,24,2,2017,5,12,1395
Saturday,26,6,1438,25,3,2017,5,1,1395
Tuesday,28,7,1438,25,4,2017,5,2,1395
Friday,30,8,1438,26,5,2017,5,3,1395
Monday,2,10,1438,26,6,2017,5,4,1395
Thursday,4,11,1438,27,7,2017,5,5,1395
Sunday,5,12,1438,27,8,2017,5,6,1395
Wednesday,7,1,1439,27,9,2017,5,7,1396
Friday,7,2,1439,27,10,2017,5,8,1396
Sunday,8,3,1439,26,11,2017,5,9,1396
Tuesday,8,4,1439,26,12,2017,5,10,1396
Thursday,8,5,1439,25,1,2018,5,11,1396
Saturday,8,6,1439,24,2,2018,5,12,1396
Sunday,8,7,1439,25,3,2018,5,1,1396
Wednesday,9,8,1439,25,4,2018,5,2,1396
Saturday,11,9,1439,26,5,2018,5,3,1396
Tuesday,12,10,1439,26,6,2018,5,4,1396
Friday,14,11,1439,27,7,2018,5,5,1396
Monday,16,12,1439,27,8,2018,5,6,1396
Thursday,17,1,1440,27,9,2018,5,7,1397
Saturday,18,2,1440,27,10,2018,5,8,1397
Monday,18,3,1440,26,11,2018,5,9,1397
Wednesday,19,4,1440,26,12,2018,5,10,1397
Friday,19,5,1440,25,1,2019,5,11,1397
Sunday,19,6,1440,24,2,2019,5,12,1397
Monday,18,7,1440,25,3,2019,5,1,1397
Thursday,20,8,1440,25,4,2019,5,2,1397
Sunday,21,9,1440,26,5,2019,5,3,1397
Wednesday,23,10,1440,26,6,2019,5,4,1397
Saturday,24,11,1440,27,7,2019,5,5,1397
Tuesday,26,12,1440,27,8,2019,5,6,1397
Friday,28,1,1441,27,9,2019,5,7,1398
Sunday,28,2,1441,27,10,2019,5,8,1398
Tuesday,29,3,1441,26,11,2019,5,9,1398
Thursday,29,4,1441,26,12,2019,5,10,1398
Saturday,30,5,1441,25,1,2020,5,11,1398
Monday,30,6,1441,24,2,2020,5,12,1398
Wednesday,1,8,1441,25,3,2020,5,1,1398
Saturday,2,9,1441,25,4,2020,5,2,1398
Tuesday,3,10,1441,26,5,2020,5,3,1398
Friday,5,11,1441,26,6,2020,5,4,1398
Monday,6,12,1441,27,7,2020,5,5,1398
Thursday,8,1,1442,27,8,2020,5,6,1398
Sunday,10,2,1442,27,9,2020,5,7,1399
Tuesday,10,3,1442,27,10,2020,5,8,1399
Thursday,11,4,1442,26,11,2020,5,9,1399
Saturday,11,5,1442,26,12,2020,5,10,1399
Monday,12,6,1442,25,1,2021,5,11,1399
Wednesday,12,7,1442,24,2,2021,5,12,1399
Thursday,12,8,1442,25,3,2021,5,1,1399
Sunday,13,9,1442,25,4,2021,5,2,1399
Wednesday,14,10,1442,26,5,2021,5,3,1399
Saturday,16,11,1442,26,6,2021,5,4,1399
Tuesday,17,12,1442,27,7,2021,5,5,1399
Friday,19,1,1443,27,8,2021,5,6,1399
Monday,20,2,1443,27,9,2021,5,7,1400
Wednesday,21,3,1443,27,10,2021,5,8,1400
Friday,21,4,1443,26,11,2021,5,9,1400
Sunday,22,5,1443,26,12,2021,5,10,1400
Tuesday,22,6,1443,25,1,2022,5,11,1400
Thursday,23,7,1443,24,2,2022,5,12,1400
Friday,22,8,1443,25,3,2022,5,1,1400
Monday,24,9,1443,25,4,2022,5,2,1400
Thursday,25,10,1443,26,5,2022,5,3,1400
Sunday,27,11,1443,26,6,2022,5,4,1400
Wednesday,28,12,1443,27,7,2022,5,5,1400
Saturday,29,1,1444,27,8,2022,5,6,1400
Tuesday,1,3,1444,27,9,2022,5,7,1401
Thursday,2,4,1444,27,10,2022,5,8,1401
Saturday,2,5,1444,26,11,2022,5,9,1401
Monday,2,6,1444,26,12,2022,5,10,1401
Wednesday,3,7,1444,25,1,2023,5,11,1401
Friday,4,8,1444,24,2,2023,5,12,1401
Saturday,3,9,1444,25,3,2023,5,1,1401
Tuesday,5,10,1444,25,4,2023,5,2,1401
Friday,6,11,1444,26,5,2023,5,3,1401
Monday,8,12,1444,26,6,2023,5,4,1401
Thursday,9,1,1445,27,7,2023,5,5,1401
Sunday,11,2,1445,27,8,2023,5,6,1401
Wednesday,12,3,1445,27,9,2023,5,7,1402
Friday,12,4,1445,27,10,2023,5,8,1402
Sunday,12,5,1445,26,11,2023,5,9,1402
Tuesday,13,6,1445,26,12,2023,5,10,1402
Thursday,13,7,1445,25,1,2024,5,11,1402
Saturday,14,8,1445,24,2,2024,5,12,1402
Monday,15,9,1445,25,3,2024,5,1,1402
Thursday,16,10,1445,25,4,2024,5,2,1402
Sunday,18,11,1445,26,5,2024,5,3,1402
Wednesday,20,12,1445,26,6,2024,5,4,1402
Saturday,21,1,1446,27,7,2024,5,5,1402
Tuesday,23,2,1446,27,8,2024,5,6,1402
Friday,24,3,1446,27,9,2024,5,7,1403
Sunday,24,4,1446,27,10,2024,5,8,1403
Tuesday,24,5,1446,26,11,2024,5,9,1403
Thursday,25,6,1446,26,12,2024,5,10,1403
Saturday,25,7,1446,25,1,2025,5,11,1403
Monday,25,8,1446,24,2,2025,5,12,1403
Tuesday,25,9,1446,25,3,2025,5,1,1403
Friday,27,10,1446,25,4,2025,5,2,1403
Monday,28,11,1446,26,5,2025,5,3,1403
Thursday,1,1,1447,26,6,2025,5,4,1403
Sunday,2,2,1447,27,7,2025,5,5,1403
Wednesday,4,3,1447,27,8,2025,5,6,1403
Saturday,5,4,1447,27,9,2025,5,7,1404
Monday,5,5,1447,27,10,2025,5,8,1404
Wednesday,5,6,1447,26,11,2025,5,9,1404
Friday,6,7,1447,26,12,2025,5,10,1404
Sunday,6,8,1447,25,1,2026,5,11,1404
Tuesday,7,9,1447,24,2,2026,5,12,1404
Wednesday,6,10,1447,25,3,2026,5,1,1404
Saturday,8,11,1447,25,4,2026,5,2,1404
Tuesday,9,12,1447,26,5,2026,5,3,1404
Friday,11,1,1448,26,6,2026,5,4,1404
Monday,13,2,1448,27,7,2026,5,5,1404
Thursday,14,3,1448,27,8,2026,5,6,1404
Sunday,16,4,1448,27,9,2026,5,7,1405
Tuesday,16,5,1448,27,10,2026,5,8,1405
Thursday,16,6,1448,26,11,2026,5,9,1405
Saturday,17,7,1448,26,12,2026,5,10,1405
Monday,17,8,1448,25,1,2027,5,11,1405
Wednesday,17,9,1448,24,2,2027,5,12,1405
Thursday,17,10,1448,25,3,2027,5,1,1405
Sunday,18,11,1448,25,4,2027,5,2,1405
Wednesday,20,12,1448,26,5,2027,5,3,1405
Saturday,21,1,1449,26,6,2027,5,4,1405
Tuesday,23,2,1449,27,7,2027,5,5,1405
Friday,25,3,1449,27,8,2027,5,6,1405
Monday,26,4,1449,27,9,2027,5,7,1406
Wednesday,27,5,1449,27,10,2027,5,8,1406
Friday,27,6,1449,26,11,2027,5,9,1406
Sunday,28,7,1449,26,12,2027,5,10,1406
Tuesday,28,8,1449,25,1,2028,5,11,1406
Thursday,28,9,1449,24,2,2028,5,12,1406
Saturday,29,10,1449,25,3,2028,5,1,1406
Tuesday,30,11,1449,25,4,2028,5,2,1406
Friday,2,1,1450,26,5,2028,5,3,1406
Monday,3,2,1450,26,6,2028,5,4,1406
Thursday,5,3,1450,27,7,2028,5,5,1406
Sunday,6,4,1450,27,8,2028,5,6,1406
Wednesday,8,5,1450,27,9,2028,5,7,1407
Friday,9,6,1450,27,10,2028,5,8,1407
Sunday,9,7,1450,26,11,2028,5,9,1407
Tuesday,10,8,1450,26,12,2028,5,10,1407
Thursday,10,9,1450,25,1,2029,5,11,1407
Saturday,11,10,1450,24,2,2029,5,12,1407
Sunday,10,11,1450,25,3,2029,5,1,1407
Wednesday,11,12,1450,25,4,2029,5,2,1407
Saturday,13,1,1451,26,5,2029,5,3,1407
Tuesday,14,2,1451,26,6,2029,5,4,1407
Friday,15,3,1451,27,7,2029,5,5,1407
Monday,17,4,1451,27,8,2029,5,6,1407
Thursday,18,5,1451,27,9,2029,5,7,1408
Saturday,19,6,1451,27,10,2029,5,8,1408
Monday,20,7,1451,26,11,2029,5,9,1408
Wednesday,20,8,1451,26,12,2029,5,10,1408
Friday,21,9,1451,25,1,2030,5,11,1408
Sunday,21,10,1451,24,2,2030,5,12,1408
Monday,21,11,1451,25,3,2030,5,1,1408
Thursday,22,12,1451,25,4,2030,5,2,1408
Sunday,24,1,1452,26,5,2030,5,3,1408
Wednesday,25,2,1452,26,6,2030,5,4,1408
Saturday,26,3,1452,27,7,2030,5,5,1408
Tuesday,27,4,1452,27,8,2030,5,6,1408
Friday,29,5,1452,27,9,2030,5,7,1409
Sunday,29,6,1452,27,10,2030,5,8,1409
Tuesday,1,8,1452,26,11,2030,5,9,1409
Thursday,1,9,1452,26,12,2030,5,10,1409
Saturday,2,10,1452,25,1,2031,5,11,1409
Monday,2,11,1452,24,2,2031,5,12,1409
Tuesday,2,12,1452,25,3,2031,5,1,1409
Friday,3,1,1453,25,4,2031,5,2,1409
Monday,5,2,1453,26,5,2031,5,3,1409
Thursday,6,3,1453,26,6,2031,5,4,1409
Sunday,7,4,1453,27,7,2031,5,5,1409
Wednesday,8,5,1453,27,8,2031,5,6,1409
Saturday,10,6,1453,27,9,2031,5,7,1410
Monday,11,7,1453,27,10,2031,5,8,1410
Wednesday,11,8,1453,26,11,2031,5,9,1410
Friday,12,9,1453,26,12,2031,5,10,1410
Sunday,12,10,1453,25,1,2032,5,11,1410
Tuesday,13,11,1453,24,2,2032,5,12,1410
Thursday,13,12,1453,25,3,2032,5,1,1410
Sunday,15,1,1454,25,4,2032,5,2,1410
Wednesday,17,2,1454,26,5,2032,5,3,1410
Saturday,18,3,1454,26,6,2032,5,4,1410
Tuesday,19,4,1454,27,7,2032,5,5,1410
Friday,20,5,1454,27,8,2032,5,6,1410
Monday,22,6,1454,27,9,2032,5,7,1411
Wednesday,22,7,1454,27,10,2032,5,8,1411
Friday,23,8,1454,26,11,2032,5,9,1411
Sunday,23,9,1454,26,12,2032,5,10,1411
Tuesday,24,10,1454,25,1,2033,5,11,1411
Thursday,24,11,1454,24,2,2033,5,12,1411
Friday,24,12,1454,25,3,2033,5,1,1411
Monday,25,1,1455,25,4,2033,5,2,1411
Thursday,27,2,1455,26,5,2033,5,3,1411
Sunday,29,3,1455,26,6,2033,5,4,1411
Wednesday,30,4,1455,27,7,2033,5,5,1411
Saturday,2,6,1455,27,8,2033,5,6,1411
Tuesday,3,7,1455,27,9,2033,5,7,1412
Thursday,4,8,1455,27,10,2033,5,8,1412
Saturday,4,9,1455,26,11,2033,5,9,1412
Monday,4,10,1455,26,12,2033,5,10,1412
Wednesday,5,11,1455,25,1,2034,5,11,1412
Friday,5,12,1455,24,2,2034,5,12,1412
Saturday,5,1,1456,25,3,2034,5,1,1412
Tuesday,6,2,1456,25,4,2034,5,2,1412
Friday,8,3,1456,26,5,2034,5,3,1412
Monday,10,4,1456,26,6,2034,5,4,1412
Thursday,11,5,1456,27,7,2034,5,5,1412
Sunday,13,6,1456,27,8,2034,5,6,1412
Wednesday,14,7,1456,27,9,2034,5,7,1413
Friday,15,8,1456,27,10,2034,5,8,1413
Sunday,15,9,1456,26,11,2034,5,9,1413
Tuesday,15,10,1456,26,12,2034,5,10,1413
Thursday,15,11,1456,25,1,2035,5,11,1413
Saturday,16,12,1456,24,2,2035,5,12,1413
Sunday,15,1,1457,25,3,2035,5,1,1413
Wednesday,17,2,1457,25,4,2035,5,2,1413
Saturday,18,3,1457,26,5,2035,5,3,1413
Tuesday,20,4,1457,26,6,2035,5,4,1413
Friday,22,5,1457,27,7,2035,5,5,1413
Monday,23,6,1457,27,8,2035,5,6,1413
Thursday,25,7,1457,27,9,2035,5,7,1414
Saturday,26,8,1457,27,10,2035,5,8,1414
Monday,26,9,1457,26,11,2035,5,9,1414
Wednesday,26,10,1457,26,12,2035,5,10,1414
Friday,27,11,1457,25,1,2036,5,11,1414
Sunday,27,12,1457,24,2,2036,5,12,1414
Tuesday,27,1,1458,25,3,2036,5,1,1414
Friday,28,2,1458,25,4,2036,5,2,1414
Monday,30,3,1458,26,5,2036,5,3,1414
Thursday,2,5,1458,26,6,2036,5,4,1414
Sunday,4,6,1458,27,7,2036,5,5,1414
Wednesday,5,7,1458,27,8,2036,5,6,1414
Saturday,7,8,1458,27,9,2036,5,7,1415
Monday,8,9,1458,27,10,2036,5,8,1415
Wednesday,8,10,1458,26,11,2036,5,9,1415
Friday,8,11,1458,26,12,2036,5,10,1415
Sunday,9,12,1458,25,1,2037,5,11,1415
Tuesday,9,1,1459,24,2,2037,5,12,1415
Wednesday,8,2,1459,25,3,2037,5,1,1415
Saturday,9,3,1459,25,4,2037,5,2,1415
Tuesday,11,4,1459,26,5,2037,5,3,1415
Friday,12,5,1459,26,6,2037,5,4,1415
Monday,14,6,1459,27,7,2037,5,5,1415
Thursday,16,7,1459,27,8,2037,5,6,1415
Sunday,17,8,1459,27,9,2037,5,7,1416
Tuesday,18,9,1459,27,10,2037,5,8,1416
Thursday,19,10,1459,26,11,2037,5,9,1416
Saturday,19,11,1459,26,12,2037,5,10,1416
Monday,19,12,1459,25,1,2038,5,11,1416
Wednesday,20,1,1460,24,2,2038,5,12,1416
Thursday,19,2,1460,25,3,2038,5,1,1416
Sunday,20,3,1460,25,4,2038,5,2,1416
Wednesday,22,4,1460,26,5,2038,5,3,1416
Saturday,23,5,1460,26,6,2038,5,4,1416
Tuesday,25,6,1460,27,7,2038,5,5,1416
Friday,26,7,1460,27,8,2038,5,6,1416
Monday,28,8,1460,27,9,2038,5,7,1417
Wednesday,28,9,1460,27,10,2038,5,8,1417
Friday,29,10,1460,26,11,2038,5,9,1417
Sunday,30,11,1460,26,12,2038,5,10,1417
Tuesday,30,12,1460,25,1,2039,5,11,1417
